﻿{
  "MetaData": {
    "Schema": {
      "ManagerName": "ClientUnitSchemaManager",
      "UId": "a8ee90e1-1e54-47a1-8c77-c32107d4eb91",
      "A2": "ClientFileWather",
      "A5": "99084b13-cf1a-45e6-8a33-b2c5f2ebc9b4",
      "B1": [],
      "B2": [],
      "B3": [],
      "B6": "84aee6b4-4d70-4e94-8fd0-a4262b636103",
      "B8": "0.0.0.0",
      "HD1": "50e3acc0-26fc-4237-a095-849a1d534bd3",
      "HD4": 1,
      "HD6": "null",
      "HD5": [],
      "HD7": [],
      "HD8": [],
      "HD11": []
    }
  }
}