﻿{
  "MetaData": {
    "Schema": {
      "ManagerName": "ClientUnitSchemaManager",
      "UId": "79be947f-3b02-4f4c-9572-af5e40b7084a",
      "A2": "DevViewModule",
      "A5": "6a651f0d-2a82-4a8d-9cff-3a2e45b4d9fc",
      "B1": [],
      "B2": [],
      "B3": [],
      "B6": "84aee6b4-4d70-4e94-8fd0-a4262b636103",
      "B8": "7.11.2.362",
      "HD1": "50e3acc0-26fc-4237-a095-849a1d534bd3",
      "HD4": 1,
      "HD6": "null",
      "HD5": [],
      "HD7": [
        {
          "UId": "ece6db4e-d197-4df6-a203-6c8787d78ed0",
          "A2": "PushHistoryState",
          "A3": "79be947f-3b02-4f4c-9572-af5e40b7084a",
          "A4": "79be947f-3b02-4f4c-9572-af5e40b7084a",
          "HX1": 1
        },
        {
          "UId": "5318b0f2-ca16-4fbd-8ff1-4ece7a03ae90",
          "A2": "HistoryStateChanged",
          "A3": "79be947f-3b02-4f4c-9572-af5e40b7084a",
          "A4": "79be947f-3b02-4f4c-9572-af5e40b7084a"
        },
        {
          "UId": "4dc641ef-45fa-4840-a677-dcacfd0eee8e",
          "A2": "GetHistoryState",
          "A3": "79be947f-3b02-4f4c-9572-af5e40b7084a",
          "A4": "79be947f-3b02-4f4c-9572-af5e40b7084a",
          "HX1": 1,
          "HX2": 1
        },
        {
          "UId": "c4fbaeeb-f190-4dc2-af29-10e992e53b06",
          "A2": "LoadModule",
          "A3": "79be947f-3b02-4f4c-9572-af5e40b7084a",
          "A4": "79be947f-3b02-4f4c-9572-af5e40b7084a",
          "HX2": 1
        },
        {
          "UId": "0d5f61fb-3071-4dd0-b5b9-dd41d09f4edb",
          "A2": "NavigationModuleLoaded",
          "A3": "79be947f-3b02-4f4c-9572-af5e40b7084a",
          "A4": "79be947f-3b02-4f4c-9572-af5e40b7084a"
        },
        {
          "UId": "ffcfc09e-271a-4431-89c0-2e52b6ab1dc6",
          "A2": "RefreshCacheHash",
          "A3": "79be947f-3b02-4f4c-9572-af5e40b7084a",
          "A4": "79be947f-3b02-4f4c-9572-af5e40b7084a",
          "HX2": 1
        }
      ],
      "HD8": [],
      "HD11": []
    }
  }
}